epoch,train_loss,val_loss,val_iou,val_precision,val_recall,learning_rate
1,0.8882577586919069,2.0043987780809402,0.3112774869254774,0.34200030147171506,0.8076401993605162,0.0009998903417374227
2,0.6527336649596691,0.8503724858164787,0.562948606307535,0.6424063868120424,0.8351188532070553,0.0009995614150494292
3,0.5382045861333609,0.7777710817754269,0.5542220495842947,0.6961942363537514,0.7547618782961649,0.0009990133642141358
4,0.47172953747212887,1.0979105830192566,0.490476616802455,0.5428474663840881,0.8483347242494269,0.0009982464296247522
5,0.4610297791659832,0.8076026886701584,0.5394661410100259,0.7840785315284743,0.669514800329415,0.0009972609476841367
6,0.42406356520950794,1.0141308717429638,0.5012358090362825,0.5383310596723151,0.8822398670157315,0.000996057350657239
7,0.3824223726987839,0.7415061108767986,0.5777001470127845,0.6876372556081549,0.8024832904211257,0.000994636166481494
8,0.3446674970909953,0.813402883708477,0.569301539847277,0.6403211004614128,0.846852395692614,0.0009929980185352525
9,0.36036024522036314,0.9783014915883541,0.5405261386799023,0.5919392930970271,0.86683766633676,0.0009911436253643444
10,0.3289322885684669,0.7867409735918045,0.5836330276464816,0.6909600669698391,0.8078144554476295,0.0009890738003669028
11,0.3076484394259751,0.9244312718510628,0.5435264400552637,0.5997583586399713,0.8683918564654483,0.00098678945143658
12,0.2922373707406223,1.186631754040718,0.5059722905535127,0.5359624264013138,0.9064996974394111,0.0009842915805643154
13,0.28086875611916184,0.6294853836297989,0.6275690829878544,0.8215245776480586,0.7367484129278685,0.000981581283398829
14,0.2702152971178293,0.9556878469884396,0.5450441701741062,0.5897649290159178,0.8817398595814109,0.0009786597487660333
15,0.2405475117266178,0.7257813848555088,0.6008306785851993,0.6997903016675504,0.8205918048905192,0.0009755282581475766
16,0.23649673257023096,0.7522021494805813,0.5939923389324565,0.71518778514883,0.7978029439569468,0.0009721881851187403
17,0.22843686258420348,0.9393598102033138,0.5691760644436845,0.6170018585100614,0.8812083272786697,0.0009686409947459456
18,0.2119941245764494,0.6902804337441921,0.6182186856059366,0.7207274101063106,0.8308056629207097,0.0009648882429441254
19,0.20338021079078317,1.0499471984803677,0.5634724060023764,0.6158932079042422,0.8794836452553267,0.00096093157579425
20,0.20658105239272118,0.7718222998082638,0.601751100037643,0.6900406693384273,0.8390380042832825,0.0009567727288213001
21,0.1884532766416669,1.3693380057811737,0.5075332863127626,0.5304954332128156,0.9277483922233668,0.0009524135262330095
22,0.17659020936116576,0.7951715774834156,0.6060917195662793,0.6883811160158231,0.8502941037613398,0.0009478558801197061
23,0.15981933078728616,1.2174486964941025,0.5210616025651356,0.5602732057677576,0.8998104417907753,0.000943101789615607
24,0.17902131332084537,0.803098201751709,0.5750965919343689,0.7264158386937649,0.7498447353209952,0.0009381533400219313
25,0.17448691511526704,1.176707912236452,0.5494833459188877,0.5948411616065006,0.8881069200840644,0.0009330127018922189
26,0.16164004104211926,0.7461418472230434,0.6064513160365854,0.7555422105404349,0.769883218529108,0.000927682130080253
27,0.1477386662736535,0.8673896118998528,0.5872074184684356,0.6653208343377504,0.8461024339702147,0.0009221639627510072
28,0.1494817000348121,0.7255329862236977,0.6215750043324442,0.8184856246036312,0.7284875990891668,0.0009164606203550494
29,0.13880275399424136,1.025339875370264,0.5709689317126996,0.6300005774979553,0.878261148866724,0.0009105746045668516
30,0.13925304543226957,0.7874982431530952,0.5999913022471399,0.7775864148054132,0.7386686727009281,0.0009045084971874733
31,0.1313975469674915,0.971763800829649,0.5907364416081902,0.6532835333481616,0.8718001702796301,0.0008982649590120977
32,0.12487084092572331,1.0461449138820171,0.5849499845778972,0.634902588918558,0.8921315170623817,0.0008918467286629196
33,0.11585839674808085,0.8594266548752785,0.6017844758654394,0.7074638531961805,0.8227811856787861,0.0008852566213878943
34,0.11257691076025367,1.0263842977583408,0.5756277891273719,0.613356974187907,0.9099579676018466,0.000878497527825878
35,0.11480177496559918,0.9418952688574791,0.5880072141945782,0.6643251038889667,0.8486969145341684,0.000871572412738697
36,0.108015799196437,0.8603132143616676,0.6032306621505279,0.6996668242124527,0.8281637614349096,0.0008644843137107055
37,0.09531707013957202,0.9669302515685558,0.6006219293518908,0.6617869072722814,0.8761894483763542,0.0008572363398164014
38,0.1165315821999684,1.0094806253910065,0.5952617335700748,0.6482879167468871,0.8940247945203015,0.0008498316702566826
39,0.10542607144452631,0.9623271971940994,0.6078097607299411,0.688035963957442,0.8497094115491237,0.0008422735529643442
40,0.09316931245848536,0.9288582727313042,0.6148996418582453,0.6943177793564971,0.8617675197444116,0.0008345653031794289
41,0.09527116105891764,1.3428209275007248,0.5699056864801805,0.6157815885926601,0.896874933151026,0.0008267103019950526
42,0.09426580218132585,0.9928893893957138,0.5931459572257625,0.6498788991826288,0.8794128087491221,0.0008187119948743447
43,0.08264888438861817,1.0689542144536972,0.5943124743332495,0.6529383708593144,0.8822350225252599,0.000810573890139155
44,0.08348744525574148,0.9922127053141594,0.607936051260794,0.6807000635985021,0.8619728465953271,0.0008022995574311873
45,0.09118006459902972,1.2622875720262527,0.5575617241455169,0.5996675554087783,0.8981168187814355,0.0007938926261462363
46,0.09379747183993459,0.9795518666505814,0.6017924932011731,0.680463537390527,0.8544107181782767,0.0007853567838422158
47,0.08026053756475449,1.0897001773118973,0.5950965360691187,0.6542318357574664,0.8794745877242882,0.0007766957746216719
48,0.0847921067615971,1.3883204609155655,0.5529823077247071,0.5916753187004483,0.9091125281246348,0.0007679133974894982
49,0.07748188893310726,1.0898026525974274,0.5951776058947635,0.6627357359810362,0.8615308772474566,0.000759013504686565
50,0.07513839623425156,0.9273667819797993,0.6245661182782364,0.7165524653159867,0.8427435382111954,0.0007499999999999998
51,0.07006064231973141,0.9281258694827557,0.6211763124917048,0.7111494527093221,0.8482531745445763,0.0007408768370508575
52,0.06710294168442488,1.1408648826181889,0.5915481409104238,0.6439733711464766,0.8914057710513221,0.0007316480175599307
53,0.07205264747608453,1.11758354306221,0.592700094194474,0.6528651300108205,0.8804746470325318,0.0007223175895924635
54,0.06345524231437594,0.9823561832308769,0.6124410441851829,0.7099060749881787,0.8332471207864517,0.0007128896457825361
55,0.060611016931943595,1.0721158012747765,0.6143033882922317,0.7001909149883175,0.8487792998484809,0.0007033683215378998
56,0.060504024964757264,0.984580110758543,0.6157242123710434,0.7078184287145998,0.8407609881430811,0.0006937577932260512
57,0.05897140607703477,0.9718894883990288,0.6174927395170566,0.7093196564398767,0.8397128141455066,0.0006840622763423388
58,0.06123008218128234,1.2648507356643677,0.5861602976124907,0.64469736232926,0.8735393010958254,0.0006742860236609073
59,0.06019646301865578,1.013124592602253,0.6161293343665561,0.694260012606692,0.8591489366917042,0.0006644333233692913
60,0.05615581863094121,1.0706156715750694,0.6105307498917947,0.6914896917665703,0.8569571521185855,0.0006545084971874734
61,0.054166316986083984,1.1635308600962162,0.5995093428452755,0.6714522201856638,0.8631460075142481,0.0006445158984722354
62,0.05280120100360364,1.1000772900879383,0.6129426700895155,0.6883193480061951,0.8620221411163964,0.0006344599103076324
63,0.05841824586968869,1.1874851696193218,0.5968707352574267,0.6656575950845185,0.8627432366862133,0.0006243449435824269
64,0.064918432966806,1.2849358543753624,0.5832460004301451,0.6342532777366068,0.883693641288625,0.0006141754350553275
65,0.0623261381406337,1.0265156365931034,0.6135581574351089,0.7007299529336899,0.8500514081804655,0.0006039558454088793
66,0.051436544046737254,1.1601026803255081,0.6063307309935132,0.6839582388138631,0.8524422480514925,0.000593690657292862
67,0.049231260956730694,1.0628135651350021,0.6173716304972903,0.7099538835841079,0.8378282314125198,0.0005833843733580507
68,0.04915050964336842,1.1104006245732307,0.6066625056237539,0.6830819521274457,0.8601527012149754,0.0005730415142812054
69,0.04806621960597113,1.0460898019373417,0.6219153863815513,0.7146958455002953,0.8369583899741879,0.0005626666167821517
70,0.046884928073268384,1.092089593410492,0.6207281542843314,0.7072217643003107,0.851087090599062,0.0005522642316338265
71,0.04544869181700051,1.085639052093029,0.6189061080852509,0.6984503610976904,0.8574090542250137,0.0005418389216661573
72,0.0448408835218288,1.2026641741394997,0.6043455217099116,0.6767412235271415,0.8622301160181431,0.0005313952597646563
73,0.04316412436310202,1.265509344637394,0.603824861617568,0.6675829311930398,0.8779868606727995,0.0005209378268645994
74,0.04525539086898789,1.2890807688236237,0.5999741233502877,0.6581906401130606,0.8825027014558278,0.0005104712099416781
75,0.044654222612734884,1.1952099725604057,0.6123493035934335,0.6745156319038144,0.8790206520686532,0.0004999999999999996
76,0.04152510949643329,1.1724775694310665,0.6087478213548934,0.6804106249995232,0.8641631859684025,0.0004895287900583212
77,0.04202551831258461,1.0960049740970135,0.6217712158132253,0.7111880722020395,0.8461466693153645,0.0004790621731353997
78,0.041100361675489694,1.1740592941641808,0.6096889284109462,0.6851660098882366,0.8590039849393702,0.000468604740235343
79,0.0410792853217572,1.0935054086148739,0.617887312581238,0.7068104931660046,0.845649172653497,0.00045816107833384175
80,0.0399703947477974,1.2716674655675888,0.6042708753076862,0.6709605351556505,0.8727502969812979,0.0004477357683661729
81,0.03940420824801549,1.1731534078717232,0.6129099771338224,0.6891002009677837,0.8607872330628128,0.00043733338321784746
82,0.03726593707688153,1.1934004351496696,0.6147106825782266,0.6876240612878466,0.8658185945678591,0.0004269584857187939
83,0.036635801079683006,1.28473549336195,0.6023860753785109,0.675499078155488,0.8620852050405067,0.0004166156266419484
84,0.03648412070469931,1.2561723589897156,0.6067778242018704,0.6817373522788195,0.860959791528798,0.0004063093427071373
85,0.035735185199882835,1.21284144744277,0.6113031600256398,0.692228757361224,0.8543158624097638,0.0003960441545911199
86,0.03523881221190095,1.2623756527900696,0.6080742415738843,0.6832288903456734,0.8592707494180494,0.0003858245649446718
87,0.0339305599918589,1.2823438346385956,0.6056201748936088,0.6815866497581355,0.8543253494366283,0.00037565505641757235
88,0.03409225103678182,1.2535938881337643,0.6068905605345366,0.6874062113832027,0.8512408069189075,0.00036554008969236695
89,0.03353606798918918,1.193657860159874,0.6147811407815337,0.6975017871308282,0.8500815322955926,0.0003554841015277638
90,0.032589082955382764,1.2561224400997162,0.6100233588090579,0.6916203700385721,0.8502175404693157,0.000345491502812526
91,0.03325339686125517,1.184117317199707,0.6147043629279935,0.7048424589976157,0.8401302557197122,0.0003355666766307081
92,0.031480772740906104,1.3049128353595734,0.6056935178959942,0.6813336836604782,0.858266900727148,0.00032571397633909225
93,0.03053263685433194,1.2587132081389427,0.6109985384105767,0.6956303916891134,0.8484541474752437,0.00031593772365766094
94,0.030813080840744078,1.3247848227620125,0.6039645272153411,0.6753475497386873,0.8637673573470974,0.0003062422067739483
95,0.030259082152042538,1.3025099635124207,0.6106717723679266,0.6859547035066218,0.8599096275517062,0.00029663167846209965
96,0.02979123592376709,1.2900585904717445,0.6089307779374267,0.6859853663848798,0.8571886274956858,0.00028711035421746345
97,0.030352787929587066,1.394523337483406,0.5999455345204507,0.6650325304478599,0.8719152347154059,0.00027768241040753615
98,0.030121881514787674,1.3359012082219124,0.6053012889058547,0.6867851634441007,0.8489092123435312,0.00026835198244006903
99,0.028667004633462057,1.364990122616291,0.6069025885036974,0.6867886292739942,0.853593008233364,0.0002591231629491421
100,0.028430994279915467,1.3409434780478477,0.6090277991379451,0.6796072668065192,0.866081928075396,0.0002499999999999997
101,0.028191994642838836,1.2298860549926758,0.6114232416208794,0.7027684219018606,0.8380705350245548,0.00024098649531343477
102,0.02826866871328093,1.2435317933559418,0.6146202580857936,0.7014285869725534,0.8456200797782327,0.0002320866025105016
103,0.02848261274630204,1.3164982423186302,0.610034107783928,0.6821244627496279,0.8660953564400917,0.0002233042253783278
104,0.027774474903708324,1.3410600051283836,0.6083083069167219,0.6831601544511543,0.8613321250272644,0.000214643216157784
105,0.026897006144281477,1.323214128613472,0.613257362578457,0.6851276598432853,0.8658515463908747,0.00020610737385376332
106,0.02772595372516662,1.3644695356488228,0.6065700786646394,0.6760152956540235,0.8683873010726372,0.00019770044256881242
107,0.025892816367559135,1.4082642570137978,0.6052804830649937,0.6792164298789986,0.8610155896815692,0.0001894261098608447
108,0.025959473103284836,1.3962277173995972,0.6014895020149268,0.6703445173776816,0.866056081497692,0.000181288005125655
109,0.025732422625878826,1.499431073665619,0.5961473356079832,0.6601461938962749,0.8718955699186951,0.0001732896980049473
110,0.02506988021195866,1.4402258917689323,0.6018277034674551,0.6766487478518868,0.8581775995105771,0.00016543469682057076
111,0.023906645830720663,1.3877150267362595,0.6099212988618234,0.686882740718141,0.8577670636540862,0.00015772644703565552
112,0.024446286988677457,1.345034420490265,0.6136042485831168,0.6923727975282736,0.8575668583834428,0.00015016832974331718
113,0.024481077445670962,1.4429061561822891,0.6075765699599542,0.6787383776556837,0.8677727536391091,0.00014276366018359834
114,0.023958032281370834,1.456204853951931,0.6030902766587243,0.6740705743137135,0.8642462579505461,0.00013551568628929425
115,0.023796578287146986,1.5059115216135979,0.5987377111678129,0.6682685723029227,0.8639294229229741,0.00012842758726130276
116,0.02300734448363073,1.4514351710677147,0.6017705375310867,0.6740636012739969,0.8612482224524949,0.0001215024721741218
117,0.022743043373338878,1.4049475938081741,0.6102305226854996,0.6878004454110747,0.8566249021678853,0.00011474337861210538
118,0.02223345372476615,1.4577420204877853,0.6092042363994892,0.681006202247716,0.864181906376724,0.00010815327133708009
119,0.022792621253756806,1.434815227985382,0.6091134601936978,0.6841146901472341,0.8612948132938373,0.00010173504098790189
120,0.0218531240534503,1.4220561161637306,0.6106810473262316,0.6903682775589925,0.854039303713509,9.549150281252629e-05
121,0.02194271594635211,1.4457396492362022,0.6093898700906207,0.685236691992278,0.8606571878697638,8.942539543314794e-05
122,0.021362269180826843,1.4674601703882217,0.6070251991431287,0.6802796798725486,0.862837766081222,8.353937964495024e-05
123,0.02183096602675505,1.461639665067196,0.6078474153789064,0.6830315752416787,0.8599104387877421,7.783603724899243e-05
124,0.020820697041926906,1.4615577384829521,0.6065997298767378,0.6816168085478964,0.8586042157257703,7.231786991974666e-05
125,0.020416165265487507,1.4297107234597206,0.6113311576239202,0.6907981506555734,0.8541221534292075,6.698729810778072e-05
126,0.020576177979819477,1.4731352925300598,0.6082034380730231,0.683209330842576,0.8604026504768072,6.184665997806817e-05
127,0.020428671850822866,1.4838872328400612,0.6075926349776933,0.6821404557770354,0.8606537611427307,5.6898210384392595e-05
128,0.020442846755031496,1.487364523112774,0.6079833855487143,0.6841242452781705,0.8581383111521577,5.214411988029363e-05
129,0.019972036592662334,1.4612973555922508,0.6103892268492074,0.6882503962309139,0.8572047788449977,4.7586473766990294e-05
130,0.02004322863649577,1.4772599637508392,0.6085809899501092,0.6861011653210911,0.8561796022186781,4.32272711786996e-05
131,0.019847625837428495,1.4983935803174973,0.6081277678423243,0.6829731434247481,0.8607375693435755,3.906842420574966e-05
132,0.01956703487667255,1.4801270514726639,0.6083022140265488,0.6856447914613081,0.8566818140179349,3.5111757055874305e-05
133,0.019600794737925753,1.4612946137785912,0.61054335763737,0.6896861946073591,0.8548196299745457,3.1359005254054254e-05
134,0.019357609809958376,1.4982849434018135,0.6073875320952365,0.6827330514774459,0.8592218918084846,2.7811814881259484e-05
135,0.019374104536836967,1.5109664276242256,0.6063934351351437,0.6823432173124253,0.8585991794961272,2.4471741852423218e-05
136,0.01890724414261058,1.4770578816533089,0.6104149943261864,0.6893421493049363,0.8559994395537747,2.1340251233966362e-05
137,0.019539354252628982,1.4991781190037727,0.6074290217567847,0.6845946630674947,0.8559475689245706,1.8418716601170932e-05
138,0.01934972920571454,1.478978119790554,0.6101818914228875,0.6884909891504497,0.8557824142291255,1.570841943568445e-05
139,0.018888566584791988,1.5088033601641655,0.6077899649851477,0.683555497177605,0.858566438742552,1.3210548563419845e-05
140,0.01905078862910159,1.4759045243263245,0.6109006048257264,0.6898323271142659,0.8554016998608769,1.0926199633097203e-05
141,0.018903978168964386,1.512779414653778,0.6079472550558158,0.6845828745533167,0.857281791632363,8.856374635655688e-06
142,0.019100058445474133,1.510485090315342,0.6082972800341451,0.6849231762030092,0.8577495717929563,7.001981464747503e-06
143,0.019043977270484902,1.4927636608481407,0.6094185082066415,0.6870048158193003,0.8565320216329942,5.3638335185058295e-06
144,0.01923025846190285,1.500606782734394,0.6085047809905875,0.6853470733463323,0.8572379747943204,3.942649342761114e-06
145,0.01878716603096109,1.5416160970926285,0.605800382687186,0.6790248175799107,0.861751499091014,2.7390523158633524e-06
146,0.018573043940705247,1.5017058700323105,0.6084108670724457,0.686282758303206,0.8557492034677471,1.7535703752478133e-06
147,0.018717063168878667,1.5077433288097382,0.6083943051708354,0.6853457212066865,0.8570183072051569,9.866357858642196e-07
148,0.018884075761889108,1.5104654729366302,0.6076736565167165,0.6845059698528251,0.8569436300761197,4.38584950570808e-07
149,0.01875085337087512,1.5193103924393654,0.6075519057046406,0.6823946274447634,0.8599318270046887,1.096582625772501e-07
150,0.018788410059642047,1.5045959949493408,0.6079539602340207,0.6838620503145597,0.8582765996013477,0.0
